{
 "lr_obs": 0.20290312357246876,
 "p": 0.07317073170731707,
 "lrs": [
  -1.3969838619232178e-09,
  -9.313225746154785e-10,
  0.0022360365837812424,
  -1.3969838619232178e-09,
  0.0,
  -1.1641532182693481e-09,
  -1.3969838619232178e-09,
  0.008301827125251293,
  0.08807728416286409,
  0.8265191582031548,
  -1.3969838619232178e-09,
  -1.862645149230957e-09,
  -1.6298145055770874e-09,
  2.3283064365386963e-10,
  -6.984919309616089e-10,
  -4.656612873077393e-10,
  -9.313225746154785e-10,
  -6.984919309616089e-10,
  -4.656612873077393e-10,
  0.0,
  -1.862645149230957e-09,
  -6.984919309616089e-10,
  1.106333900243044,
  -4.656612873077393e-10,
  -1.1641532182693481e-09,
  0.151978706009686,
  -4.656612873077393e-10,
  -2.7939677238464355e-09,
  -1.1641532182693481e-09,
  -1.3969838619232178e-09,
  -1.862645149230957e-09,
  -1.3969838619232178e-09,
  -1.3969838619232178e-09,
  0.0,
  0.0,
  -1.3969838619232178e-09,
  -6.984919309616089e-10,
  -1.862645149230957e-09,
  -9.313225746154785e-10,
  -2.561137080192566e-09
 ]
}