{
 "A_grid": [
  1e-49,
  1.778279410038923e-49,
  3.1622776601683792e-49,
  5.623413251903491e-49,
  1e-48,
  1.7782794100389227e-48,
  3.162277660168379e-48,
  5.623413251903491e-48,
  1e-47,
  1.7782794100389229e-47,
  3.162277660168379e-47,
  5.623413251903491e-47,
  1e-46,
  1.7782794100389227e-46,
  3.1622776601683793e-46
 ],
 "lam": [
  7.819128584116697,
  7.715356143191457,
  7.532899073325098,
  7.214951895177364,
  6.669799391180277,
  5.762493297457695,
  4.335398538969457,
  2.3350765677168965,
  0.22888367157429457,
  0.0,
  6.788953794166446,
  30.230371674522758,
  83.6016535749659,
  180.7573100477457,
  334.0596042368561
 ],
 "UL95": 2.2376618790287885e-47,
 "lnL_env": 2497292.7763693687
}